CREATE TABLE departments (
    id SERIAL PRIMARY KEY,
    name VARCHAR(255) UNIQUE NOT NULL
);

CREATE TABLE employees (
    id SERIAL PRIMARY KEY,
    name VARCHAR(255),
    position VARCHAR(255),
    internal_phone VARCHAR(50),
    phone_city VARCHAR(50),
    phone_mobile VARCHAR(50),
    email VARCHAR(255),
    room VARCHAR(50),
    department_id INTEGER REFERENCES departments(id) ON DELETE SET NULL
);

DELETE FROM employees 
WHERE department_id IN (
    SELECT id FROM departments 
    WHERE name IN (
        'Председатель Правления',
        'Первый заместитель председателя Правления',
        'Заместитель председателя Правления'
    )
);

DELETE FROM departments 
WHERE name IN (
    'Председатель Правления',
    'Первый заместитель председателя Правления',
    'Заместитель председателя Правления'
);

-- Создаём новый департамент «Правление»
INSERT INTO departments (name) VALUES ('Правление');

-- Добавляем в него трёх новых сотрудников (все остальные поля NULL, 
-- т.к. вы не указали телефоны/email/кабинеты)
INSERT INTO employees (name, position, internal_phone, phone_city, phone_mobile, email, room, department_id) VALUES
('Утельбаева Шолпан Ануарбековна', 'Председатель Правления', NULL, NULL, NULL, NULL, NULL, 
    (SELECT id FROM departments WHERE name = 'Правление')),
('Кунарбаев Хамит Болатович', 'Заместитель Председателя Правления', NULL, NULL, NULL, NULL, NULL, 
    (SELECT id FROM departments WHERE name = 'Правление')),
('Ерекешова Кенжегуль Капбасовна', 'Первый заместитель Председателя Правления', NULL, NULL, NULL, NULL, NULL, 
    (SELECT id FROM departments WHERE name = 'Правление'));

DELETE FROM employees 
WHERE department_id = (SELECT id FROM departments WHERE name = 'Представительство в г. Алматы');

DELETE FROM departments 
WHERE name = 'Представительство в г. Алматы';

DELETE FROM employees 
WHERE department_id = (SELECT id FROM departments WHERE name = 'Служба последовательного контроля');

DELETE FROM departments 
WHERE name = 'Служба последовательного контроля';

UPDATE departments 
SET name = 'Департамент инфраструктурного развития, оценки и аккредитации'
WHERE name = 'Департамент бюджетного финансирования 1';

-- 2. Перемещаем всех сотрудников из «Департамент продвижения и внешних коммуникаций»
--    в новый департамент (по id, чтобы не зависеть от названия)
UPDATE employees 
SET department_id = (
    SELECT id 
    FROM departments 
    WHERE name = 'Департамент инфраструктурного развития, оценки и аккредитации'
)
WHERE department_id = (
    SELECT id 
    FROM departments 
    WHERE name = 'Департамент продвижения и внешних коммуникаций'
);

-- 3. Удаляем старый департамент «Департамент продвижения и внешних коммуникаций»
DELETE FROM departments 
WHERE name = 'Департамент продвижения и внешних коммуникаций';

UPDATE departments 
SET name = 'Департамент исследований и методологии'
WHERE name = 'Департамент методологии и взаимодействия с государственными органами';

-- ========================
-- ШЕСТОЕ ЗАДАНИЕ
-- ========================
-- Переименовываем «Департамент мониторинга»
UPDATE departments 
SET name = 'Департамент мониторинга обязательной отработки молодых специалистов'
WHERE name = 'Департамент мониторинга';

-- Очищаем таблицы
TRUNCATE TABLE employees RESTART IDENTITY CASCADE;
TRUNCATE TABLE departments RESTART IDENTITY CASCADE;

-- Заполняем департаменты + новый архив
INSERT INTO departments (name) VALUES
('Председатель Правления'),
('Первый заместитель председателя Правления'),
('Заместитель председателя Правления'),
('Служба внутреннего аудита и антикоррупционного комплаенса'),
('Служба последовательного контроля'),
('Аппарат председателя Правления'),
('Представительство в г. Алматы'),
('Департамент продвижения и внешних коммуникаций'),
('Департамент бюджетного финансирования 1'),
('Департамент бюджетного финансирования 2'),
('Департамент методологии и взаимодействия с государственными органами'),
('Финансовый департамент'),
('Департамент мониторинга'),
('Управление хозяйственной деятельности'),
('Департамент информационных технологий'),
('Ранее работавшие сотрудники');   -- ← новый департамент

INSERT INTO employees (name, position, internal_phone, phone_city, phone_mobile, email, room, department_id) VALUES
('Утельбаева Шолпан Ануарбеккызы', 'Председатель Правления', '101', NULL, '695-031', NULL, NULL, (SELECT id FROM departments WHERE name='Председатель Правления')),
('Муктарова Сандугаш Асхатовна', 'Первый заместитель председателя Правления', '102', NULL, '695-060', '+77787375000', 'jakipova@mail.ru', (SELECT id FROM departments WHERE name='Первый заместитель председателя Правления')),
('Мақаш Ермек Нұрсұлтанұлы', 'Заместитель председателя Правления', '103', NULL, '695-045 (колл.центр)', '+77784680411', 'makash@fincenter.kz', (SELECT id FROM departments WHERE name='Заместитель председателя Правления')),
('Нурманов Даурен Алиханович', 'Руководитель', '212', NULL, '695-060', '+77015361972', 'nurmanov@fincenter.kz', (SELECT id FROM departments WHERE name='Служба внутреннего аудита и антикоррупционного комплаенса')),
('Галлямова Назгуль Марденовна', 'Корпоративный секретарь-комплаенс-офицер', '456', NULL, '695-050', '+77711248704', 'gallyamova_n@fincenter.kz', (SELECT id FROM departments WHERE name='Служба внутреннего аудита и антикоррупционного комплаенса')),
('Айтқұрманова Құралай Талғатбекқызы', 'Начальник', '148', NULL, '695-051', '+77711493509', 'aitkurmanova@fincenter.kz', (SELECT id FROM departments WHERE name='Служба последовательного контроля')),
('Жетписов Алибек Абаевич', 'Главный специалист', '248', NULL, NULL, '+77471700008', 'ipdimash@gmail.com', (SELECT id FROM departments WHERE name='Служба последовательного контроля')),
('Ахметжанова Алуа Сатбековна', 'Ведущий специалист', '131', NULL, NULL, '+77073814094', 'fincenter0112@gmail.com', (SELECT id FROM departments WHERE name='Служба последовательного контроля')),
('Жуматаева Аружан Жұмағалиқызы', 'Старший специалист', '231', NULL, NULL, '+77059060637', 'fincenter0112@gmail.com', (SELECT id FROM departments WHERE name='Служба последовательного контроля')),
('Арыстанов Ержан Мухамедиевич', 'Старший специалист', '248', NULL, NULL, '+77008727208', 'erzhan08@mail.ru', (SELECT id FROM departments WHERE name='Служба последовательного контроля')),
('Мирганбаев Адильбек Арманович', 'Менеджер', NULL, NULL, NULL, '+77089875169', 'mirganbaev.a@mail.ru', (SELECT id FROM departments WHERE name='Служба последовательного контроля')),
('Кайргалиева Гульбану Максотовна', 'Руководитель', '135', NULL, '695-044 (колл.центр)', '+77472061885', 'kairgalieva@fincenter.kz', (SELECT id FROM departments WHERE name='Аппарат председателя Правления')),
('Шамишева Клара Гималайкызы', 'Ведущий специалист', '118', NULL, '695-045 (колл.центр)', '+77769991853', 'shamisheva@fincenter.kz', (SELECT id FROM departments WHERE name='Аппарат председателя Правления')),
('Амрина Гульдана Балгожиевна', 'Специалист', '234', NULL, NULL, '+77477103885', 'amrina@fincenter.kz', (SELECT id FROM departments WHERE name='Аппарат председателя Правления')),
('Оспанова Майра Маратовна', 'Менеджер по кадрам', '124', NULL, NULL, '+77012226151', 'ospanova@fincenter.kz', (SELECT id FROM departments WHERE name='Аппарат председателя Правления')),
('Сеитова Сабина Сабиткызы', 'Делопроизводитель', '100', NULL, '695-060', '+77477482064', 'fincenter@fincenter.kz', (SELECT id FROM departments WHERE name='Аппарат председателя Правления')),
('Утебаев Улан Муратович', 'Директор', NULL, NULL, 'нет', '+77766556566', 'ulanutebayev@gmail.com', (SELECT id FROM departments WHERE name='Представительство в г. Алматы')),
('Тыныбеков Абылай Амангелдіұлы', 'Ведущий специалист', NULL, NULL, 'нет', '+77055701461', 'tynybekov7272@gmail.com', (SELECT id FROM departments WHERE name='Представительство в г. Алматы')),
('Сагиндикова Айнур Сайрановна', 'Директор', '227', NULL, '695-041', '+77021303028', 'sagindikova@fincenter.kz', (SELECT id FROM departments WHERE name='Департамент продвижения и внешних коммуникаций')),
('Турсынбаева Дана Орынбасар-кызы', 'Главный специалист', '185', NULL, '695-127', '+77075508850', 'tursynbaeva@fincenter.kz', (SELECT id FROM departments WHERE name='Департамент продвижения и внешних коммуникаций')),
('Асанова Айгерим Аскаркызы', 'Ведущий специалист', '307', NULL, NULL, '+77073319010', 'asanova@fincenter.kz', (SELECT id FROM departments WHERE name='Департамент продвижения и внешних коммуникаций')),
('Амангелдіұлы Азамат', 'Ведущий специалист', '202', NULL, NULL, '+77017694686', 'amangeldiuly@fincenter.kz', (SELECT id FROM departments WHERE name='Департамент продвижения и внешних коммуникаций')),
('Ахметов Жомарт Муканович', 'Старший специалист', '132', NULL, NULL, '+77017009995', 'akhmetov@fincenter.kz', (SELECT id FROM departments WHERE name='Департамент продвижения и внешних коммуникаций')),
('Кадесова Айнура Амангельдыевна', 'Директор', '303', NULL, '695-871', '+77479191363', 'kadesova@fincenter.kz', (SELECT id FROM departments WHERE name='Департамент бюджетного финансирования 1')),
('Жаникенова Салтанат Тагаевна', 'Заместитель директора', '305', NULL, '695-874', '+77712607868', 'zhanikenova@fincenter.kz', (SELECT id FROM departments WHERE name='Департамент бюджетного финансирования 1')),
('Амреева Гульмира Молдашевна', 'Заместитель директора', '666', NULL, '695-875', '+77017314205', 'amreeva@fincenter.kz', (SELECT id FROM departments WHERE name='Департамент бюджетного финансирования 1')),
('Гандаров Ахмед Хаджимуратович', 'Ведущий специалист', '314', NULL, '695-035', '+77078884964', 'gandarov@fincenter.kz', (SELECT id FROM departments WHERE name='Департамент бюджетного финансирования 1')),
('Алпыспаева Мадина Каирбековна', 'Старший специалист', '313', NULL, NULL, '+77078205172', 'alpyspaeva_m@fincenter.kz', (SELECT id FROM departments WHERE name='Департамент бюджетного финансирования 1')),
('Абишева Ляззат Кабкеновна', 'Старший специалист', '282', NULL, NULL, '+77025558902', 'abisheva@fincenter.kz', (SELECT id FROM departments WHERE name='Департамент бюджетного финансирования 1')),
('Кунуспаева Галия Танербергиновна', 'Старший специалист', '166', NULL, '695-037', '+77081246109', 'kunuspayeva@fincenter.kz', (SELECT id FROM departments WHERE name='Департамент бюджетного финансирования 1')),
('Кисебаева Айнагуль Ержановна', 'Старший специалист', '153', NULL, '695-035', '+77012771114', 'kisebaeva@fincenter.kz', (SELECT id FROM departments WHERE name='Департамент бюджетного финансирования 1')),
('Нұрланбекқызы Айгерім', 'Старший специалист', '139', NULL, '695-874', '+77071502790', 'nurlanbekkyzy@fincenter.kz', (SELECT id FROM departments WHERE name='Департамент бюджетного финансирования 1')),
('Исабаев Аскар Муратович', 'Старший специалист', '404', NULL, '695-035', '+77072521899', 'issabayev@fincenter.kz', (SELECT id FROM departments WHERE name='Департамент бюджетного финансирования 1')),
('Мухамеджанова Айнур Бериковна', 'Старший специалист', '165', NULL, '695-875', '+77012983135', 'mukhamejanova@fincenter.kz', (SELECT id FROM departments WHERE name='Департамент бюджетного финансирования 1')),
('Ибраев Тлеш Сайлауович', 'Директор', '112', NULL, '695-045 (колл.центр)', '+77015995504', 'ibraev@fincenter.kz', (SELECT id FROM departments WHERE name='Департамент бюджетного финансирования 2')),
('Бекболатова Жазира Қайырғалиқызы', 'Заместитель директора ', '122', NULL, '695-873', '+77770132035', 'bekbolatova@fincenter.kz', (SELECT id FROM departments WHERE name='Департамент бюджетного финансирования 2')),
('Айтуева Азина Ахатовна', 'Заместитель директора ', '114', NULL, '695-058', '+77019998384', 'aituyeva@fincenter.kz', (SELECT id FROM departments WHERE name='Департамент бюджетного финансирования 2')),
('Жакеева Жанар Берикхановна', 'Ведущий специалист', '141', NULL, NULL, '+77750007441', 'zhakeeva@fincenter.kz', (SELECT id FROM departments WHERE name='Департамент бюджетного финансирования 2')),
('Ожанова Динар Шергалиевна', 'Старший специалист', '278', NULL, NULL, '+77011108585', 'ozhanova@fincenter.kz', (SELECT id FROM departments WHERE name='Департамент бюджетного финансирования 2')),
('Алмашов Нуртай Жолтаевич', 'Старший специалист', '182', NULL, '695-037', '+77022092938', 'zhumabayeva_s@fincenter.kz', (SELECT id FROM departments WHERE name='Департамент бюджетного финансирования 2')),
('Махсотова Аида Дюсенбековна', 'Старший специалист', '252', NULL, NULL, '+77053341778', 'Aida.fincenter.86@gmail.com', (SELECT id FROM departments WHERE name='Департамент бюджетного финансирования 2')),
('Ахметова Адель Рустамовна', 'Старший специалист', '229', NULL, NULL, '+77754030523', 'adel0507@mail.ru', (SELECT id FROM departments WHERE name='Департамент бюджетного финансирования 2')),
('Колкожаева Закира Кожахметқызы', 'Менеджер', '274', NULL, NULL, '+77054871823', NULL, (SELECT id FROM departments WHERE name='Департамент бюджетного финансирования 2')),
('Сәдуақас Дарын Талғатұлы', 'Старший специалист', '230', NULL, NULL, '+77719994202', 'saduakasdaryn@mail.ru', (SELECT id FROM departments WHERE name='Департамент бюджетного финансирования 2')),
('Рахметулдаева Мадина Шолпанқұлқызы', 'Старший специалист', '162', NULL, NULL, '+77017124288', 'rahmetuldaeva@fincenter.kz', (SELECT id FROM departments WHERE name='Департамент бюджетного финансирования 2')),
('Айткенова Гульжанат Толеутаевна', 'Старший специалист', '182', NULL, NULL, '+77016790609', 'aitkenova.fc@gmail.com', (SELECT id FROM departments WHERE name='Департамент бюджетного финансирования 2')),
('Испанова Гульзамира Сапарбековна', 'Старший специалист', '126', NULL, NULL, '+77017000030', 'ispanova@fincenter.kz', (SELECT id FROM departments WHERE name='Департамент бюджетного финансирования 2')),
('Искакова Анель Данияровна', 'Старший специалист', '274', NULL, '695-032', '+77019329673', 'iskakova_a@fincenter.kz', (SELECT id FROM departments WHERE name='Департамент бюджетного финансирования 2')),
('Назрапова Ильнара', 'Старший специалист', '229', NULL, '695-873', '+77073600663', 'inazrapova@gmail.com', (SELECT id FROM departments WHERE name='Департамент бюджетного финансирования 2')),
('Амренова Аяулым Нұрланқызы', 'Старший специалист', '275', NULL, '695-058', '+77776927926', 'amrenova@fincenter.kz', (SELECT id FROM departments WHERE name='Департамент бюджетного финансирования 2')),
('Орумбасарова Аяр Нурлановна', 'Старший специалист', '276', NULL, NULL, '+77076577795', 'dbf305@mail.ru', (SELECT id FROM departments WHERE name='Департамент бюджетного финансирования 2')),
('Кимел Еркежан Турсынбеккызы', 'Старший специалист', '243', NULL, NULL, '+77071030054', 'e00763042@gmail.com', (SELECT id FROM departments WHERE name='Департамент бюджетного финансирования 2')),
('Сакенова Жанар Сериковна', 'Старший специалист', '244', NULL, '695-873', '+77015317071', 'jakaz77777@gmail.com', (SELECT id FROM departments WHERE name='Департамент бюджетного финансирования 2')),
('Нуркенова Анджела Маратовна', 'Директор', '235', NULL, '695-876', '+77015914650', 'nurkenova@fincenter.kz', (SELECT id FROM departments WHERE name='Департамент методологии и взаимодействия с государственными органами')),
('Алгожина Жанар Казбековна', 'Заместитель директора', '171', NULL, NULL, '+77012258133', 'algozhina@fincenter.kz', (SELECT id FROM departments WHERE name='Департамент методологии и взаимодействия с государственными органами')),
('Алпыспаева Гульнар Алгисаевна', 'Ведущий специалист', '110', NULL, NULL, '+77015012875', 'alpyspaeva@fincenter.kz', (SELECT id FROM departments WHERE name='Департамент методологии и взаимодействия с государственными органами')),
('Салават Камила Тимурқызы', 'Старший cпециалист', '128', NULL, NULL, '+77777777961', 'salavatk@fincenter.kz', (SELECT id FROM departments WHERE name='Департамент методологии и взаимодействия с государственными органами')),
('Кусбергенова Жанар Туребековна', 'Старший cпециалист', '242', NULL, NULL, '+77085824390', 'kusbergenova@fincenter.kz', (SELECT id FROM departments WHERE name='Департамент методологии и взаимодействия с государственными органами')),
('Альжанова Дарига Маратовна', 'Ведущий специалист', '328', NULL, NULL, '+77025651585', 'alzhanova@fincenter.kz', (SELECT id FROM departments WHERE name='Департамент методологии и взаимодействия с государственными органами')),
('Матиева Лейла Борисовна', 'Директор', '111', NULL, '695-113', '+77015260151', 'bazhutova@fincenter.kz', (SELECT id FROM departments WHERE name='Финансовый департамент')),
('Манимханова Бота Кенискановна', 'Заместитель директора', '105', NULL, '695-046', '+77012257560', 'manimhanova@fincenter.kz', (SELECT id FROM departments WHERE name='Финансовый департамент')),
('Темирбекова Эльмира Бекембаевна', 'Главный бухгалтер', '140', NULL, '695-040', '+77052415774', 'temirbekova@fincenter.kz', (SELECT id FROM departments WHERE name='Финансовый департамент')),
('Кангожина Лаура Еркеновна', 'Ведущий специалист', '115', NULL, '695-046', '+77012507733', 'kangozhina@fincenter.kz', (SELECT id FROM departments WHERE name='Финансовый департамент')),
('Кантарбаева Бибигуль Зейноллакызы', 'Бухгалтер', '146', NULL, '695-052', '+77022501592', 'biba-291292@mail.ru', (SELECT id FROM departments WHERE name='Финансовый департамент')),
('Боскумбаева Динара Галымовна', 'Бухгалтер', '145', NULL, '695-052', '+77024807278', 'boskumbayeva@fincenter.kz', (SELECT id FROM departments WHERE name='Финансовый департамент')),
('Жексембекова Анар Амангельдыевна', 'Бухгалтер', '283', NULL, '695-052', '+77761725525', 'anarsheksembekova@gmail.com', (SELECT id FROM departments WHERE name='Финансовый департамент')),
('Адильбекова Зухра Дамировна', 'Экономист по планированию и бухгалтерскому учету', '777', NULL, '695-045 (колл.центр)', '+77029480993', 'adilbekova@fincenter.kz', (SELECT id FROM departments WHERE name='Финансовый департамент')),
('Капбасова Гульмира Максутовна', 'Экономист по планированию и бухгалтерскому учету', '143', NULL, NULL, '+77017483571', 'kapbassova@fincenter.kz', (SELECT id FROM departments WHERE name='Финансовый департамент')),
('Темірғауық Меруерт Бапайханқызы', 'Экономист по планированию и бухгалтерскому учету', '149', NULL, NULL, '+77024394799', 'bapaihankyzy@fincenter.kz', (SELECT id FROM departments WHERE name='Финансовый департамент')),
('Капарова Гульнара Ерназаровна', 'Экономист по планированию и бухгалтерскому учету', '133', NULL, NULL, '+77078085130', 'kaparova@fincenter.kz', (SELECT id FROM departments WHERE name='Финансовый департамент')),
('Алшымбаева Зауре Серикказыевна', 'Экономист по планированию и бухгалтерскому учету', '373', NULL, NULL, '+77011267006', 'alshymbayeva@fincenter.kz', (SELECT id FROM departments WHERE name='Финансовый департамент')),
('Аскарова Гульмира Каирбековна', 'Менеджер', '320', NULL, NULL, '+77011114617', 'askarova@fincenter.kz', (SELECT id FROM departments WHERE name='Финансовый департамент')),
('Сыздыков Берик Айтенович', 'Директор', '120', NULL, '695-055', '+77779213105', 'syzdykov@fincenter.kz', (SELECT id FROM departments WHERE name='Департамент мониторинга')),
('Тастанбаева Жанар Саятжановна', 'Заместитель директора', '137', NULL, '695-053', '+77017695178', 'tastanbaeva@fincenter.kz', (SELECT id FROM departments WHERE name='Департамент мониторинга')),
('Жумабаева Айгуль Карабзауовна', 'Ведущий специалист', '123', NULL, '695-053', '+77014233679', 'zhumabayeva@fincenter.kz', (SELECT id FROM departments WHERE name='Департамент мониторинга')),
('Уатаева Алия Багыдатовна', 'Ведущий специалист', '311', NULL, '695-049', '+77471121997', 'uatayeva@fincenter.kz', (SELECT id FROM departments WHERE name='Департамент мониторинга')),
('Серікқали Акзира Серікқалиқызы', 'Ведущий специалист', '136', NULL, '695-053', '+77079553093', 'serikkali@fincenter.kz', (SELECT id FROM departments WHERE name='Департамент мониторинга')),
('Жанахметова Бибигуль Булатовна', 'Старший специалист', '189', NULL, '695-049', '+77077274728', 'zhanahmetova@fincenter.kz', (SELECT id FROM departments WHERE name='Департамент мониторинга')),
('Ибраева Жанар Саметовна', 'Старший специалист', '119', NULL, '695-047', '+77027980779', 'ibraeva@fincenter.kz', (SELECT id FROM departments WHERE name='Департамент мониторинга')),
('Байсеркешова Мария Сагитжановна', 'Старший специалист', '127', NULL, '695-056', '+77022889644', 'baiserkeshova@fincenter.kz', (SELECT id FROM departments WHERE name='Департамент мониторинга')),
('Бокенова Асель Сырымбетовна', 'Старший специалист', '194', NULL, '695-056', '+77478012713', 'bokenova@fincenter.kz', (SELECT id FROM departments WHERE name='Департамент мониторинга')),
('Сейсенкулов Димаш Аширбайулы', 'Ведущий специалист', '310', NULL, '695-056', '+77078576359', 'seisenkulov@fincenter.kz', (SELECT id FROM departments WHERE name='Департамент мониторинга')),
('Кожахметов Ануар Канатбекович', 'Старший специалист', '138', NULL, '695-049', '+77010229099', 'kozhakhmetov@fincenter.kz', (SELECT id FROM departments WHERE name='Департамент мониторинга')),
('Себепбаева Ляззат Еркановна', 'Старший специалист', '161', NULL, '695-047', '+77051730352', 'sebepbaeva@fincenter.kz', (SELECT id FROM departments WHERE name='Департамент мониторинга')),
('Нурбекова Айгуль Сагингалиевна', 'Старший специалист', '161', NULL, '695-057', '+77477147050', 'nurbekova@fincenter.kz', (SELECT id FROM departments WHERE name='Департамент мониторинга')),
('Амангельдиев Ануар Замирулы', 'Старший специалист', '700', NULL, '695-034', '+77015888875', 'amangeldiev@fincenter.kz', (SELECT id FROM departments WHERE name='Департамент мониторинга')),
('Ольжабаева Жансая Ерболовна', 'Cпециалист', '707', NULL, '695-043', '+77087567593', 'olzhabaeva@fincenter.kz', (SELECT id FROM departments WHERE name='Департамент мониторинга')),
('Рустами-Кадырбекова Жасмин', 'Cпециалист', '245', NULL, '695-049', '+77711282202', 'rustami.zh02@mail.ru', (SELECT id FROM departments WHERE name='Департамент мониторинга')),
('Тулькубаева Еркежан Назарбековна', 'Cпециалист', '345', NULL, '695-034', '+77475408021', '7220731@mail.ru', (SELECT id FROM departments WHERE name='Департамент мониторинга')),
('Туктыбаева Балнур Жарылқасынқызы', 'Cпециалист', '155', NULL, '695-056', '+77075500448', 'tuktybayeva@fincenter.kz', (SELECT id FROM departments WHERE name='Департамент мониторинга')),
('Наурзова Эльмира Тулегеновна', 'Cпециалист', '297', NULL, '695-032', '+77762680835', '695059@mail.ru', (SELECT id FROM departments WHERE name='Департамент мониторинга')),
('Ережепов Ергали Лесович', 'Старший специалист', '142', NULL, '695-043', '+77017479656', 'yerezhepov@fincenter.kz', (SELECT id FROM departments WHERE name='Департамент мониторинга')),
('Булатова Дилара Сериккалиевна', 'Старший специалист', '747', NULL, '695-049', '+77013291425', 'bulatova@fincenter.kz', (SELECT id FROM departments WHERE name='Департамент мониторинга')),
('Сарсембаева Гульнара Майдановна', 'Cпециалист', '159', NULL, '695-034', '+77022099028', '150669@internet.ru', (SELECT id FROM departments WHERE name='Департамент мониторинга')),
('Байтасова Айшолпан Еслямбековна', 'Старший специалист', '195', NULL, '695-034', '+77761944284', 'baitassova@fincenter.kz', (SELECT id FROM departments WHERE name='Департамент мониторинга')),
('Әбдіғали Азамат Тұңғышбайұлы', 'Cпециалист', '184', NULL, '695-057', '+77066649869', '3579abzz@gmail.com', (SELECT id FROM departments WHERE name='Департамент мониторинга')),
('Омурзакова Айман Сабырбековна', 'Cпециалист', '183', NULL, '695-056', '+77075247435', 'astana2023fc@gmail.com', (SELECT id FROM departments WHERE name='Департамент мониторинга')),
('Батталов Райымбек Кайыргельдинович', 'Cпециалист', '116', NULL, '695-057', '+77019891397', '695-056@mail.ru', (SELECT id FROM departments WHERE name='Департамент мониторинга')),
('Байжанова Гульмира Абсаттаровна', 'Cпециалист', '319', NULL, '695-047', '+77775010088', 'baizhanova@fincenter.kz', (SELECT id FROM departments WHERE name='Департамент мониторинга')),
('Амирбек Абілмансұр Жақсылықұлы', 'Cпециалист', '298', NULL, '695-032', '+77775824449', '695298monitoring@gmail.com', (SELECT id FROM departments WHERE name='Департамент мониторинга')),
('Алпыс Ару Биржановна', 'Cпециалист', '319', NULL, '695-047', '+77769978975', '695030@mail.ru', (SELECT id FROM departments WHERE name='Департамент мониторинга')),
('Сапаралина Мирана Бауыржановна', 'Cпециалист', '156', NULL, '695-056', '+77712642245', '134340-7@mail.ru', (SELECT id FROM departments WHERE name='Департамент мониторинга')),
('Мәулет Қуаныш Мәулетұлы', 'Начальник', '888', NULL, '695-039', '+77017546026', 'maulet@fincenter.kz', (SELECT id FROM departments WHERE name='Управление хозяйственной деятельности')),
('Бектемирова Жанар Ануаровна', 'Заведующий хозяйством', '144', NULL, '695-048', '+77752776838', 'bektemirova@fincenter.kz', (SELECT id FROM departments WHERE name='Управление хозяйственной деятельности')),
('Шурина Карлыгаш Шариполлаевна', 'Архивариус', '154', NULL, NULL, '+77015370355', 'shurina@fincenter.kz', (SELECT id FROM departments WHERE name='Управление хозяйственной деятельности')),
('Байзаков Мухтар Сагиндыкович', 'Курьер', '164', NULL, NULL, '+77015138910', NULL, (SELECT id FROM departments WHERE name='Управление хозяйственной деятельности')),
('Биахметов Марат Ермекбаевич', 'Работник по обслуживанию здания', NULL, NULL, NULL, '+77029288487', NULL, (SELECT id FROM departments WHERE name='Управление хозяйственной деятельности')),
('Кайсин Сабит Пшенбаевич', 'Водитель', NULL, NULL, NULL, '+77017695813', NULL, (SELECT id FROM departments WHERE name='Управление хозяйственной деятельности')),
('Базылов Айбас', 'Охранник', '152', NULL, NULL, '+77026336780', NULL, (SELECT id FROM departments WHERE name='Управление хозяйственной деятельности')),
('Ибраев Женис Нуртаевич', 'Охранник', NULL, NULL, NULL, '+77758817505', NULL, (SELECT id FROM departments WHERE name='Управление хозяйственной деятельности')),
('Столовая', 'Столовая', '113', NULL, NULL, '+77053788917', NULL, (SELECT id FROM departments WHERE name='Управление хозяйственной деятельности')),
('Темиржанов Максат Кабдрахимулы', 'Системный администратор', '151', NULL, NULL, '+77075250753', 'temirzhanov@fincenter.kz', (SELECT id FROM departments WHERE name='Департамент информационных технологий')),
('Мейрам Жанболат Едилович', 'IT-аналитик', '107', NULL, NULL, '+77083063126', 'meiram.zhanbo@gmail.com', (SELECT id FROM departments WHERE name='Департамент информационных технологий')),
('Темирбаев Арман Амангалиевич', 'Менеджер IT-проекта', '251', NULL, NULL, '+77476764858', 'temirbaev@fincenter.kz', (SELECT id FROM departments WHERE name='Департамент информационных технологий'));


CREATE TEMP TABLE temp_cabinets (
    full_name TEXT PRIMARY KEY,
    cabinet TEXT
);

INSERT INTO temp_cabinets (full_name, cabinet) VALUES
('Утельбаева Шолпан Ануарбеккызы', 'Приемная'),
('Муктарова Сандугаш Асхатовна', '309'),
('Мақаш Ермек Нұрсұлтанұлы', '310'),
('Нурманов Даурен Алиханович', '302/1'),
('Галлямова Назгуль Марденовна', '314'),
('Айтқұрманова Құралай Талғатбекқызы', '308'),
('Жетписов Алибек Абаевич', '308'),
('Ахметжанова Алуа Сатбековна', '308'),
('Жуматаева Аружан Жұмағалиқызы', '308'),
('Арыстанов Ержан Мухамедиевич', '308'),
('Мирганбаев Адильбек Арманович', '308'),
('Кайргалиева Гульбану Максотовна', '307'),
('Шамишева Клара Гималайкызы', '307'),
('Амрина Гульдана Балгожиевна', '307'),
('Оспанова Майра Маратовна', '307'),
('Сеитова Сабина Сабиткызы', 'Приемная'),
('Утебаев Улан Муратович', 'г.Алматы'),
('Тыныбеков Абылай Амангелдіұлы', 'г.Алматы'),
('Сагиндикова Айнур Сайрановна', '313/1'),
('Турсынбаева Дана Орынбасар-кызы', '313'),
('Асанова Айгерим Аскаркызы', '313'),
('Амангелдіұлы Азамат', '313'),
('Ахметов Жомарт Муканович', '313'),
('Кадесова Айнура Амангельдыевна', '301/1'),
('Жаникенова Салтанат Тагаевна', '301'),
('Амреева Гульмира Молдашевна', '301'),
('Гандаров Ахмед Хаджимуратович', '301'),
('Алпыспаева Мадина Каирбековна', '301'),
('Абишева Ляззат Кабкеновна', '301'),
('Кунуспаева Галия Танербергиновна', '301'),
('Кисебаева Айнагуль Ержановна', '301'),
('Нұрланбекқызы Айгерім', '301'),
('Исабаев Аскар Муратович', '301'),
('Мухамеджанова Айнур Бериковна', '301'),
('Ибраев Тлеш Сайлауович', '202/1'),
('Бекболатова Жазира Қайырғалиқызы', '202'),
('Айтуева Азина Ахатовна', '201'),
('Жакеева Жанар Берикхановна', '202'),
('Ожанова Динар Шергалиевна', '202'),
('Алмашов Нуртай Жолтаевич', '202/1'),
('Махсотова Аида Дюсенбековна', '202'),
('Ахметова Адель Рустамовна', '202'),
('Колкожаева Закира Кожахметқызы', '202'),
('Сәдуақас Дарын Талғатұлы', '202'),
('Рахметулдаева Мадина Шолпанқұлқызы', '202/1'),
('Айткенова Гульжанат Толеутаевна', '202'),
('Испанова Гульзамира Сапарбековна', '202'),
('Искакова Анель Данияровна', '202'),
('Назрапова Ильнара', '202'),
('Амренова Аяулым Нұрланқызы', '201'),
('Орумбасарова Аяр Нурлановна', '202'),
('Кимел Еркежан Турсынбеккызы', '202'),
('Сакенова Жанар Сериковна', '202'),
('Нуркенова Анджела Маратовна', '302'),
('Алгожина Жанар Казбековна', '302'),
('Алпыспаева Гульнар Алгисаевна', '302'),
('Салават Камила Тимурқызы', '302'),
('Кусбергенова Жанар Туребековна', '302'),
('Альжанова Дарига Маратовна', '302'),
('Матиева Лейла Борисовна', '306/1'),
('Манимханова Бота Кенискановна', '306'),
('Темирбекова Эльмира Бекембаевна', '306'),
('Кангожина Лаура Еркеновна', '306'),
('Кантарбаева Бибигуль Зейноллакызы', '312'),
('Боскумбаева Динара Галымовна', '306'),
('Жексембекова Анар Амангельдыевна', '306'),
('Адильбекова Зухра Дамировна', '312'),
('Капбасова Гульмира Максутовна', '306'),
('Темірғауық Меруерт Бапайханқызы', '306'),
('Капарова Гульнара Ерназаровна', '306'),
('Алшымбаева Зауре Серикказыевна', '306'),
('Аскарова Гульмира Каирбековна', '306'),
('Сыздыков Берик Айтенович', '310'),
('Тастанбаева Жанар Саятжановна', '311'),
('Жумабаева Айгуль Карабзауовна', '303'),
('Уатаева Алия Багыдатовна', '304'),
('Серікқали Акзира Серікқалиқызы', '303'),
('Жанахметова Бибигуль Булатовна', '303'),
('Ибраева Жанар Саметовна', '303'),
('Байсеркешова Мария Сагитжановна', '303'),
('Бокенова Асель Сырымбетовна', '303'),
('Сейсенкулов Димаш Аширбайулы', '303'),
('Кожахметов Ануар Канатбекович', '304'),
('Себепбаева Ляззат Еркановна', '303'),
('Нурбекова Айгуль Сагингалиевна', '303'),
('Амангельдиев Ануар Замирулы', '303'),
('Ольжабаева Жансая Ерболовна', '304'),
('Рустами-Кадырбекова Жасмин', '303'),
('Тулькубаева Еркежан Назарбековна', '303'),
('Туктыбаева Балнур Жарылқасынқызы', '303'),
('Наурзова Эльмира Тулегеновна', '303'),
('Ережепов Ергали Лесович', '304'),
('Булатова Дилара Сериккалиевна', '303'),
('Сарсембаева Гульнара Майдановна', '303'),
('Байтасова Айшолпан Еслямбековна', '303'),
('Әбдіғали Азамат Тұңғышбайұлы', '303'),
('Омурзакова Айман Сабырбековна', '303'),
('Батталов Райымбек Кайыргельдинович', '303'),
('Байжанова Гульмира Абсаттаровна', '303'),
('Амирбек Абілмансұр Жақсылықұлы', '303'),
('Алпыс Ару Биржановна', '303'),
('Сапаралина Мирана Бауыржановна', '303'),
('Мәулет Қуаныш Мәулетұлы', '203'),
('Бектемирова Жанар Ануаровна', '5-Архив'),
('Шурина Карлыгаш Шариполлаевна', '5-Архив'),
('Байзаков Мухтар Сагиндыкович', 'Цоколь'),
('Биахметов Марат Ермекбаевич', 'Цоколь'),
('Кайсин Сабит Пшенбаевич', 'Цоколь'),
('Базылов Айбас', 'Пост'),
('Ибраев Женис Нуртаевич', 'Пост'),
('Столовая', 'Цоколь');

UPDATE employees e
SET room = t.cabinet
FROM temp_cabinets t
WHERE TRIM(e.name) = TRIM(t.full_name)
   OR e.name ILIKE '%' || TRIM(t.full_name) || '%'
   OR TRIM(t.full_name) ILIKE '%' || TRIM(e.name) || '%';

-- ================================================
-- ПРОВЕРКА
-- ================================================
SELECT COUNT(*) AS "Всего сотрудников" FROM employees;
SELECT COUNT(*) AS "С внутренним номером" FROM employees WHERE internal_phone IS NOT NULL;
SELECT name, position, internal_phone, room 
FROM employees 
ORDER BY department_id, name 
LIMIT 20;

-- ========================
-- СЕДЬМОЕ ЗАДАНИЕ
-- ========================
-- Переименовываем «Финансовый департамент»
UPDATE departments 
SET name = 'Департамент экономики и бухгалтерского учета'
WHERE name = 'Финансовый департамент';

-- ========================
-- ВОСЬМОЕ ЗАДАНИЕ
-- ========================
-- Переименовываем «Департамент бюджетного финансирования 2»
UPDATE departments 
SET name = 'Департамент казначейства и расчетов'
WHERE name = 'Департамент бюджетного финансирования 2';

-- ========================
-- ДЕВЯТОЕ ЗАДАНИЕ
-- ========================
-- Переименовываем «Управление хозяйственной деятельности»
UPDATE departments 
SET name = 'Департамент административной работы'
WHERE name = 'Управление хозяйственной деятельности';

-- ========================
-- ДЕСЯТОЕ ЗАДАНИЕ
-- ========================
-- Переименовываем «Департамент информационных технологий»
UPDATE departments 
SET name = 'Департамент Data-аналитики и сопровождения'
WHERE name = 'Департамент информационных технологий';


-- 1. Создаём главный (родительский) департамент «Службы и прочие сотрудники»
INSERT INTO departments (name) VALUES ('Службы и прочие сотрудники');

-- 2. Переименовываем существующий департамент «Служба внутреннего аудита и антикоррупционного комплаенса»
--    в «Служба внутреннего аудита» (сотрудники автоматически остаются в нём)
UPDATE departments 
SET name = 'Служба внутреннего аудита'
WHERE name = 'Служба внутреннего аудита и антикоррупционного комплаенса';

-- 3. Создаём дополнительные мини-департаменты (пока пустые — сотрудников в них нет)
INSERT INTO departments (name) VALUES
('Комплаенс-офицер'),
('Корпоративный секретарь'),
('Советник'),
('Менеджер по ИБ'),
('Риск менеджер');